<?xml version="1.0" encoding="utf-8"?><feed xmlns="http://www.w3.org/2005/Atom"><generator uri="http://jekyllrb.com" version="3.1.6">Jekyll</generator><link href="http://www.jajb.dystopian.website/feed.xml" rel="self" type="application/atom+xml" /><link href="http://www.jajb.dystopian.website/" rel="alternate" type="text/html" /><updated>2016-12-23T12:23:38-05:00</updated><id>http://www.jajb.dystopian.website/</id><title>Just Another Jekyll Blog</title><subtitle>Just Another Jekyll Blog</subtitle><entry><title>Neo-HPSTR Theme Configuration</title><link href="http://www.jajb.dystopian.website/neo-hipster-theme-configuration-post" rel="alternate" type="text/html" title="Neo-HPSTR Theme Configuration" /><published>2016-11-02T00:00:00-04:00</published><updated>2016-11-02T00:00:00-04:00</updated><id>http://www.jajb.dystopian.website/neo-hipster-theme-configuration-post</id><content type="html" xml:base="http://www.jajb.dystopian.website/neo-hipster-theme-configuration-post">&lt;h2 id=&quot;neo-hpstr-features&quot;&gt;Neo-HPSTR Features&lt;/h2&gt;

&lt;ul&gt;
  &lt;li&gt;Neo-HPSTR is a fully functional Jekyll Blog theme created by Michael Rose&lt;/li&gt;
&lt;/ul&gt;

&lt;p&gt;&lt;a href=&quot;https://mademistakes.com/support/&quot;&gt;&lt;img style=&quot;border:0px;&quot; src=&quot;http://images.webestools.com/buttons.php?frm=1&amp;amp;btn_type=16&amp;amp;txt=Support%20the%20Developer&quot; onmouseover=&quot;this.src=&#39;http://images.webestools.com/buttons.php?frm=2&amp;amp;btn_type=16&amp;amp;txt=Support%20the%20Developer&#39;&quot; onmouseout=&quot;this.src=&#39;http://images.webestools.com/buttons.php?frm=1&amp;amp;btn_type=16&amp;amp;txt=Support%20the%20Developer&#39;;&quot; alt=&quot;Support%20the%20Developer&quot; /&gt;&lt;/a&gt;&lt;script type=&quot;text/javascript&quot;&gt;img=new Image();img.src= &quot;http://images.webestools.com/buttons.php?frm=2&amp;amp;btn_type=16&amp;amp;txt=Support%20the%20Developer&quot;;&lt;/script&gt;&lt;/p&gt;

&lt;ul&gt;
  &lt;li&gt;Modern and minimal design.&lt;/li&gt;
  &lt;li&gt;Responsive templates for post, page, and post index &lt;code class=&quot;highlighter-rouge&quot;&gt;_layouts&lt;/code&gt;. Looks great on mobile, tablet, and desktop devices.&lt;/li&gt;
  &lt;li&gt;Gracefully degrades in older browsers. Compatible with Internet Explorer 8+ and all modern browsers.&lt;/li&gt;
  &lt;li&gt;Sweet animated menu with support for drop-downs.&lt;/li&gt;
  &lt;li&gt;Optional &lt;a href=&quot;http://disqus.com&quot;&gt;Disqus&lt;/a&gt; comments and social sharing links.&lt;/li&gt;
  &lt;li&gt;&lt;a href=&quot;https://developers.facebook.com/docs/opengraph/&quot;&gt;Open Graph&lt;/a&gt; and &lt;a href=&quot;https://dev.twitter.com/docs/cards&quot;&gt;Twitter Cards&lt;/a&gt; support for a better social sharing experience.&lt;/li&gt;
  &lt;li&gt;Simple &lt;a href=&quot;http://mmistakes.github.io/hpstr-jekyll-theme/404.html&quot;&gt;custom 404 page&lt;/a&gt; to get you started.&lt;/li&gt;
  &lt;li&gt;&lt;a href=&quot;http://mmistakes.github.io/hpstr-jekyll-theme/code-highlighting-post/&quot;&gt;Syntax highlighting&lt;/a&gt; stylesheet to make your code examples look snazzy&lt;/li&gt;
  &lt;li&gt;&lt;a href=&quot;https://github.com/cruznick/hpstr-jekyll-theme/tree/es&quot;&gt;Available in Spanish&lt;/a&gt;. Thanks &lt;a href=&quot;https://github.com/cruznick&quot;&gt;@cruznick&lt;/a&gt;!&lt;/li&gt;
&lt;/ul&gt;

&lt;h2 id=&quot;download-the-theme&quot;&gt;Download the Theme&lt;/h2&gt;
&lt;p&gt;Navigate to your Desktop directory (Feel free to use any directory you want)&lt;/p&gt;

&lt;div class=&quot;highlighter-rouge&quot;&gt;&lt;pre class=&quot;highlight&quot;&gt;&lt;code&gt;userone@laptop:~/Development/tutorials$ cd ~
userone@laptop:~/Desktop$
&lt;/code&gt;&lt;/pre&gt;
&lt;/div&gt;

&lt;p&gt;&lt;a href=&quot;https://github.com/mmistakes/hpstr-jekyll-theme/archive/master.zip&quot;&gt;&lt;img style=&quot;border:0px;&quot; src=&quot;http://images.webestools.com/buttons.php?frm=1&amp;amp;btn_type=16&amp;amp;txt=Download%20the%20Theme&quot; onmouseover=&quot;this.src=&#39;http://images.webestools.com/buttons.php?frm=2&amp;amp;btn_type=16&amp;amp;txt=Download%20the%20Theme&#39;&quot; onmouseout=&quot;this.src=&#39;http://images.webestools.com/buttons.php?frm=1&amp;amp;btn_type=16&amp;amp;txt=Download%20the%20Theme&#39;;&quot; alt=&quot;Download%20the%20Theme&quot; /&gt;&lt;/a&gt;&lt;script type=&quot;text/javascript&quot;&gt;img=new Image();img.src= &quot;http://images.webestools.com/buttons.php?frm=2&amp;amp;btn_type=16&amp;amp;txt=Download%20the%20Theme&quot;;&lt;/script&gt;&lt;/p&gt;

&lt;p&gt;Click the button or enter the following commands into the terminal.&lt;/p&gt;

&lt;div class=&quot;highlighter-rouge&quot;&gt;&lt;pre class=&quot;highlight&quot;&gt;&lt;code&gt;wget https://github.com/mmistakes/hpstr-jekyll-theme/archive/master.zip

&lt;/code&gt;&lt;/pre&gt;
&lt;/div&gt;

&lt;p&gt;Once the theme finishes downloading you need to extract it into the you want to work in.&lt;br /&gt;
&lt;code class=&quot;highlighter-rouge&quot;&gt;
unzip ~/Desktop/hpstr-jekyll-theme-master/
&lt;/code&gt;&lt;/p&gt;

&lt;p&gt;If you did everything correctly you should now have a copy of Neo-HPSTR on in a folder called hpstr-jekyll-theme-master on your desktop.  The next section of the tutorial deals with configuring theme.  if you have not already installed jekyll and it’s dependencies please do that before preceeding. Link to &lt;a href=&quot;http://localhost:4000/neo-hipster-theme-configuration-post/&quot;&gt;Jekyll Install Tutorial&lt;/a&gt;&lt;/p&gt;

&lt;h2 id=&quot;basic-setup-and-configuration&quot;&gt;Basic Setup and Configuration&lt;/h2&gt;

&lt;p&gt;After downloading Neo-HPSTR you can begin configuring the theme so it will run properly in Jekyll.  Open your terminal and navigate to the hpstr-jekyll-theme-master/ you created in the previous section of this tutorial. If you unipped it on your Desktop enter the following commands into the terminal.&lt;/p&gt;

&lt;div class=&quot;highlighter-rouge&quot;&gt;&lt;pre class=&quot;highlight&quot;&gt;&lt;code&gt;userone@laptop:~/Desktop$ cd ~/Desktop/hpstr-jekyll-theme-master/
userone@laptop: ~/Desktop/hpstr-jekyll-theme-master$
&lt;/code&gt;&lt;/pre&gt;
&lt;/div&gt;

&lt;p&gt;Next you need to make install Bundler and all theme dependencies by entering the folowing commands into the 
terminal.&lt;/p&gt;

&lt;div class=&quot;highlighter-rouge&quot;&gt;&lt;pre class=&quot;highlight&quot;&gt;&lt;code&gt;userone@laptop: ~/Desktop/hpstr-jekyll-theme-master$ gem install bundler
&lt;/code&gt;&lt;/pre&gt;
&lt;/div&gt;

&lt;p&gt;Now to install the Neo-HPSTR’s dependencies&lt;/p&gt;

&lt;div class=&quot;highlighter-rouge&quot;&gt;&lt;pre class=&quot;highlight&quot;&gt;&lt;code&gt;userone@laptop: ~/Desktop/hpstr-jekyll-theme-master$ bundle install
&lt;/code&gt;&lt;/pre&gt;
&lt;/div&gt;

&lt;h2 id=&quot;customizing-the-theme&quot;&gt;Customizing the Theme&lt;/h2&gt;

&lt;p&gt;Once you have installed the theme’s dependencies you need to edit the ==_config.yml== YAML file to personalize your site.  Open the file with your favorite text editor and enter your personal information.&lt;/p&gt;

&lt;div class=&quot;highlighter-rouge&quot;&gt;&lt;pre class=&quot;highlight&quot;&gt;&lt;code&gt;title:            Enter Your Sites Title
description:      Provide a short description of your blog
disqus_shortname: We will deal with Disqus in the next section leave blank for now.

url: http://localhost:4000 The url must be set to localhost:4000 when running it locally and you will need to change this to your websites address before deploying our blog.  

Owner/author information You must provide information for the name, bio, and email variables or some sections of the site will not function correctly.   
owner:
  name:           Enter Your Name
  avatar:         avatar.jpg
  bio:            Enter a short bio about yourself.
  email:          Enter your email
  # Social networking links used in footer. Update and remove as you like.
  github:         github username
  keybase:        keybase username
  stackexchange:  you get the idea
  linkedin:
  instagram:   
  google_plus:    for google plus make sure you put a + infront of your username


timezone:    Change if not are not in the America/New_York time zone.
&lt;/code&gt;&lt;/pre&gt;
&lt;/div&gt;

&lt;p&gt;After editing the ==_config.yml== file make sure you save your changes before proceeding to the next step.&lt;/p&gt;

&lt;h2 id=&quot;running-jekyll&quot;&gt;Running Jekyll&lt;/h2&gt;

&lt;p&gt;The preferred method for running Jekyll is with ==bundle exec jekyll “command option”==, but if you’re willing to deal gem conflicts feel free to go cowboy with a ==jekyll build== or ==jekyll serve==.  Once you have dealt with gem conflicts I assure you, you will have no problem typing a few more characters and launching the site using == bundle exec jekyll serve==
That said, enter the following commands into the terminal and launch the site on your local server (http://localhost:4000).&lt;/p&gt;

&lt;p&gt;In some cases you may want to rebuild your blog before launching it.  To do this you just need to run ==bundle exec jekyll build== before launching the site.&lt;/p&gt;

&lt;div class=&quot;highlighter-rouge&quot;&gt;&lt;pre class=&quot;highlight&quot;&gt;&lt;code&gt;userone@laptop: ~/Desktop/hpstr-jekyll-theme-master$ bundle exec jekyll build
&lt;/code&gt;&lt;/pre&gt;
&lt;/div&gt;

&lt;div class=&quot;highlighter-rouge&quot;&gt;&lt;pre class=&quot;highlight&quot;&gt;&lt;code&gt;userone@laptop: ~/Desktop/hpstr-jekyll-theme-master$ bundle exec jekyll serve
Configuration file: /home/userone/Development/jajb-master/_config.yml
            Source: /home/userone/Development/jajb-master
       Destination: /home/userone/Development/jajb-master/_site
 Incremental build: disabled. Enable with --incremental
      Generating... 
                    done in 1.003 seconds.
 Auto-regeneration: enabled for &#39;/home/userone/Development/jajb-master&#39;
Configuration file: /home/userone/Development/jajb-master/_config.yml
    Server address: http://127.0.0.1:4000/
  Server running... press ctrl-c to stop.
&lt;/code&gt;&lt;/pre&gt;
&lt;/div&gt;

&lt;p&gt;If the serve command executes without any errors you should be able to open up a browser and got to http://localhost:4000) and your new blog should load. If the command executes without an error but does not load in your browser the problem most likely is due to a misconfigured _config.yml file.  To fix this open the _config.yml file and make sure the url: setting is set to http://localhost:4000.&lt;/p&gt;

&lt;p&gt;Good Job!  You can now see the fruits of your labor and naviate the default posting included in with the theme.  In the next section of this tutorial I will show you how to set up backgrounds, load avatars and wire up the advanced features in this blog.&lt;/p&gt;

&lt;p&gt;If you made it this far into the tutorial and plan on using the theme for your blog then tell the developer thank you by making a donation.  Even if it’s only a few bucks I am sure it will be appreciated and if you wondering I don’t know the theme’s developer and will not benefit financially whatsoever from your donation.  However if you do donate all of us could benefit in the future because the developer might just put out another dope theme or some other FOSS for the world to use.&lt;/p&gt;

&lt;p&gt;Information should be free not trademarked and copy written.&lt;/p&gt;

&lt;div id=&quot;disqus_thread&quot;&gt;&lt;/div&gt;
&lt;script&gt;

/**
*  RECOMMENDED CONFIGURATION VARIABLES: EDIT AND UNCOMMENT THE SECTION BELOW TO INSERT DYNAMIC VALUES FROM YOUR PLATFORM OR CMS.
*  LEARN WHY DEFINING THESE VARIABLES IS IMPORTANT: https://disqus.com/admin/universalcode/#configuration-variables*/
/*
var disqus_config = function () {
this.page.url = PAGE_URL;  // Replace PAGE_URL with your page&#39;s canonical URL variable
this.page.identifier = PAGE_IDENTIFIER; // Replace PAGE_IDENTIFIER with your page&#39;s unique identifier variable
};
*/
(function() { // DON&#39;T EDIT BELOW THIS LINE
var d = document, s = d.createElement(&#39;script&#39;);
s.src = &#39;//jajb.disqus.com/embed.js&#39;;
s.setAttribute(&#39;data-timestamp&#39;, +new Date());
(d.head || d.body).appendChild(s);
})();
&lt;/script&gt;

&lt;noscript&gt;Please enable JavaScript to view the &lt;a href=&quot;https://disqus.com/?ref_noscript&quot;&gt;comments powered by Disqus.&lt;/a&gt;&lt;/noscript&gt;</content><category term="jekyll" /><category term="theme" /><category term="tutorial" /><category term="neo-hipster" /><category term="neo-hpstr" /><category term="disqus" /><category term="open graph" /><category term="developer" /><category term="mmistakes" /><category term="install" /><category term="configuration" /><summary>Neo-HPSTR Features</summary><media:thumbnail xmlns:media="http://search.yahoo.com/mrss/" url="http://www.jajb.dystopian.website{&quot;background&quot;=&gt;&quot;18f3be9e.png&quot;, &quot;feature&quot;=&gt;&quot;abstract-5.jpg&quot;}" /></entry><entry><title>Installing Jekyll</title><link href="http://www.jajb.dystopian.website/jekyll_install-post" rel="alternate" type="text/html" title="Installing Jekyll" /><published>2016-10-25T00:00:00-04:00</published><updated>2016-10-25T00:00:00-04:00</updated><id>http://www.jajb.dystopian.website/jekyll_install-post</id><content type="html" xml:base="http://www.jajb.dystopian.website/jekyll_install-post">&lt;h2 id=&quot;installing-jekyll-30&quot;&gt;Installing Jekyll 3.0+&lt;/h2&gt;

&lt;p&gt;Over the past few months I have spent countless hours scouring the web for tutorials that will help solidify my web develoment skills. The internet offers many free tutorials on just about every topic you can think.  After a few hours of searching and start or restarting variuos tutorials I figured out that not all web tutorials are created equal.  In light of this I thought I’d take the time to create a few up to date (As of 10/15/2016) tutorials that may help other web development students steer clear of google rabbit holes and stackoverflow loops.&lt;/p&gt;

&lt;p&gt;Before I start (and before you comment) I’d like to say that like anything else in life there are many ways to reach any desired end and that I am going to focus on what worked for me. If you choose to provide constructive criticism please take the time to explain why your way worked better for you so we all can learn.&lt;/p&gt;

&lt;p&gt;OK, let’s get started.&lt;/p&gt;

&lt;h2 id=&quot;jekyll-dependencies&quot;&gt;Jekyll Dependencies&lt;/h2&gt;

&lt;p&gt;If you wanna create a simplistic but powerful blog like this one the first thing you are are going to have to do is make sure you have the tools to do the job.&lt;/p&gt;

&lt;ul&gt;
  &lt;li&gt;Ruby (including development headers, v1.9.3+ for Jekyll 2 and v2+ for Jekyll 3)&lt;/li&gt;
  &lt;li&gt;RubyGems&lt;/li&gt;
  &lt;li&gt;NodeJS&lt;/li&gt;
  &lt;li&gt;Python 2.7 (for Jekyll 2 and earlier) or Python 3+ for Jekyll 3+)&lt;/li&gt;
&lt;/ul&gt;

&lt;p&gt;First you will need to check and see if you have Ruby installed. Open your terminal and run.&lt;/p&gt;

&lt;div class=&quot;highlighter-rouge&quot;&gt;&lt;pre class=&quot;highlight&quot;&gt;&lt;code&gt;userone@laptop:~/Desktop/$ ruby -v
ruby 2.3.0p0 (2015-12-25) [x86_64-linux]

&lt;/code&gt;&lt;/pre&gt;
&lt;/div&gt;
&lt;p&gt;If it returns something simular then you are all good and can proceed to the next dependency. If you need to install ruby and want to install version 2.3.1 enter the following commands into the terminal&lt;/p&gt;

&lt;div class=&quot;highlighter-rouge&quot;&gt;&lt;pre class=&quot;highlight&quot;&gt;&lt;code&gt;sudo apt-get update

sudo apt-get install git-core curl zlib1g-dev build-essential libssl-dev libreadline-dev libyaml-dev libsqlite3-dev sqlite3 libxml2-dev libxslt1-dev libcurl4-openssl-dev python-software-properties libffi-dev.

cd

git clone https://github.com/rbenv/rbenv.git ~/.rbenv

echo &#39;export PATH=&quot;$HOME/.rbenv/bin:$PATH&quot;&#39; &amp;gt;&amp;gt; ~/.bashrc

echo &#39;eval &quot;$(rbenv init -)&quot;&#39; &amp;gt;&amp;gt; ~/.bashrc

exec $SHELL

git clone https://github.com/rbenv/ruby-build.git ~/.rbenv/plugins/ruby-build

echo &#39;export PATH=&quot;$HOME/.rbenv/plugins/ruby-build/bin:$PATH&quot;&#39; &amp;gt;&amp;gt; ~/.bashrc

exec $SHELL

rbenv install 2.3.1

rbenv global 2.3.1

ruby -v
&lt;/code&gt;&lt;/pre&gt;
&lt;/div&gt;

&lt;p&gt;The last step is to install the gems bundler.
```
gem install bundler
If all went well you should have both ruby and rubygems installed. Next check and see if you have Nodejs installed&lt;/p&gt;

&lt;div class=&quot;highlighter-rouge&quot;&gt;&lt;pre class=&quot;highlight&quot;&gt;&lt;code&gt;userone@laptop:~/Desktop/$ nodejs --version
v6.9.2

&lt;/code&gt;&lt;/pre&gt;
&lt;/div&gt;
&lt;p&gt;If it returns something like ruby 4.6.1 then you are all good and can proceed to the next dependency on the list. If you need to install nodejs 4.6.1 enter the following commands into the terminal.&lt;/p&gt;

&lt;div class=&quot;highlighter-rouge&quot;&gt;&lt;pre class=&quot;highlight&quot;&gt;&lt;code&gt;sudo apt-get update
sudo apt-get install nodejs
sudo apt-get install npm
nodejs -v
&lt;/code&gt;&lt;/pre&gt;
&lt;/div&gt;

&lt;p&gt;Now run the following command to make sure it installed correctly.&lt;/p&gt;

&lt;div class=&quot;highlighter-rouge&quot;&gt;&lt;pre class=&quot;highlight&quot;&gt;&lt;code&gt;userone@laptop:~/Desktop/$ nodejs --version
v6.9.2
&lt;/code&gt;&lt;/pre&gt;
&lt;/div&gt;
&lt;p&gt;If it returns the version you installed move on to last dependency.&lt;/p&gt;

&lt;p&gt;The final dependecy is Python and since it comes pre-installed on all Ubuntu 14.04 systems. Check and make sure your have a working version by running the following command.&lt;/p&gt;

&lt;div class=&quot;highlighter-rouge&quot;&gt;&lt;pre class=&quot;highlight&quot;&gt;&lt;code&gt;userone@laptop:~/Desktop$ python
Python 3.4.3 (default, Nov 17 2016, 01:08:31) 
[GCC 4.8.4] on linux
Type &quot;help&quot;, &quot;copyright&quot;, &quot;credits&quot; or &quot;license&quot; for more information.
&amp;gt;&amp;gt;&amp;gt; 
&lt;/code&gt;&lt;/pre&gt;
&lt;/div&gt;

&lt;p&gt;You should have all the dependencies installed and be able to install Jekyll without any errors.&lt;/p&gt;

&lt;h2 id=&quot;install-jekyll&quot;&gt;Install Jekyll&lt;/h2&gt;

&lt;p&gt;Simply run the following command.&lt;/p&gt;

&lt;div class=&quot;highlighter-rouge&quot;&gt;&lt;pre class=&quot;highlight&quot;&gt;&lt;code&gt;userone@laptop:~/Desktop$ gem install bundler jekyll
&lt;/code&gt;&lt;/pre&gt;
&lt;/div&gt;

&lt;p&gt;Now that Jekyll is installed you can start a new project by running the following command.&lt;/p&gt;

&lt;div class=&quot;highlighter-rouge&quot;&gt;&lt;pre class=&quot;highlight&quot;&gt;&lt;code&gt;userone@laptop:~/Desktop$ jekyll new &quot;name of your project without &quot;&quot; &quot;
userone@laptop:~/Desktop$ cd &quot;name of project&quot;
userone@laptop:~/Desktop$ bundle exec jekyll serve
&lt;/code&gt;&lt;/pre&gt;
&lt;/div&gt;

&lt;p&gt;Now head over to &lt;a href=&quot;http://jekyllrb.com/docs/installation/&quot;&gt;Jekyll’s Documentation page&lt;/a&gt; and familiarize yourself with the program. This will be the starting point in the next entry of this the tutorial. Thanks again for following along and if you have questions or comments feel free to leave a comment.&lt;/p&gt;

&lt;div id=&quot;disqus_thread&quot;&gt;&lt;/div&gt;
&lt;script&gt;

/**
*  RECOMMENDED CONFIGURATION VARIABLES: EDIT AND UNCOMMENT THE SECTION BELOW TO INSERT DYNAMIC VALUES FROM YOUR PLATFORM OR CMS.
*  LEARN WHY DEFINING THESE VARIABLES IS IMPORTANT: https://disqus.com/admin/universalcode/#configuration-variables*/
/*
var disqus_config = function () {
this.page.url = PAGE_URL;  // Replace PAGE_URL with your page&#39;s canonical URL variable
this.page.identifier = PAGE_IDENTIFIER; // Replace PAGE_IDENTIFIER with your page&#39;s unique identifier variable
};
*/
(function() { // DON&#39;T EDIT BELOW THIS LINE
var d = document, s = d.createElement(&#39;script&#39;);
s.src = &#39;//jajb.disqus.com/embed.js&#39;;
s.setAttribute(&#39;data-timestamp&#39;, +new Date());
(d.head || d.body).appendChild(s);
})();
&lt;/script&gt;

&lt;noscript&gt;Please enable JavaScript to view the &lt;a href=&quot;https://disqus.com/?ref_noscript&quot;&gt;comments powered by Disqus.&lt;/a&gt;&lt;/noscript&gt;</content><category term="jekyll" /><category term="install" /><category term="tuturial" /><category term="ruby" /><category term="gem" /><category term="bundle" /><summary>Installing Jekyll 3.0+</summary><media:thumbnail xmlns:media="http://search.yahoo.com/mrss/" url="http://www.jajb.dystopian.website{&quot;feature&quot;=&gt;&quot;abstract-10.jpg&quot;, &quot;background&quot;=&gt;&quot;d50b0862.png&quot;}" /></entry><entry><title>Post with a Background Image</title><link href="http://www.jajb.dystopian.website/background-image" rel="alternate" type="text/html" title="Post with a Background Image" /><published>2013-10-26T00:00:00-04:00</published><updated>2013-10-26T00:00:00-04:00</updated><id>http://www.jajb.dystopian.website/background-image</id><content type="html" xml:base="http://www.jajb.dystopian.website/background-image">&lt;p&gt;Here be a sample post with a custom background image. To utilize this “feature” just add the following YAML to a post’s front matter.&lt;/p&gt;

&lt;div class=&quot;language-yaml highlighter-rouge&quot;&gt;&lt;pre class=&quot;highlight&quot;&gt;&lt;code&gt;&lt;span class=&quot;s&quot;&gt;image&lt;/span&gt;&lt;span class=&quot;pi&quot;&gt;:&lt;/span&gt;
  &lt;span class=&quot;s&quot;&gt;background&lt;/span&gt;&lt;span class=&quot;pi&quot;&gt;:&lt;/span&gt; &lt;span class=&quot;s&quot;&gt;filename.png&lt;/span&gt;
&lt;/code&gt;&lt;/pre&gt;
&lt;/div&gt;

&lt;p&gt;This little bit of YAML makes the assumption that your background image asset is in the &lt;code class=&quot;highlighter-rouge&quot;&gt;/images&lt;/code&gt; folder. If you place it somewhere else or are hotlinking from the web, just include the full http(s):// URL. Either way you should have a background image that is tiled.&lt;/p&gt;

&lt;p&gt;If you want to set a background image for the entire site just add &lt;code class=&quot;highlighter-rouge&quot;&gt;background: filename.png&lt;/code&gt; to your &lt;code class=&quot;highlighter-rouge&quot;&gt;_config.yml&lt;/code&gt; and BOOM — background images on every page!&lt;/p&gt;

&lt;div xmlns:cc=&quot;http://creativecommons.org/ns#&quot; xmlns:dct=&quot;http://purl.org/dc/terms/&quot; about=&quot;http://subtlepatterns.com&quot; class=&quot;notice&quot;&gt;Background images from &lt;span property=&quot;dct:title&quot;&gt;Subtle Patterns&lt;/span&gt; (&lt;a rel=&quot;cc:attributionURL&quot; property=&quot;cc:attributionName&quot; href=&quot;http://subtlepatterns.com&quot;&gt;Subtle Patterns&lt;/a&gt;) / &lt;a rel=&quot;license&quot; href=&quot;http://creativecommons.org/licenses/by-sa/3.0/&quot;&gt;CC BY-SA 3.0&lt;/a&gt;&lt;/div&gt;</content><category term="sample post" /><summary>Here be a sample post with a custom background image. To utilize this “feature” just add the following YAML to a post’s front matter.</summary><media:thumbnail xmlns:media="http://search.yahoo.com/mrss/" url="http://www.jajb.dystopian.website{&quot;background&quot;=&gt;&quot;420ac4a5.png&quot;}" /></entry><entry><title>Syntax Highlighting Post</title><link href="http://www.jajb.dystopian.website/code-highlighting-post" rel="alternate" type="text/html" title="Syntax Highlighting Post" /><published>2013-08-16T00:00:00-04:00</published><updated>2013-08-16T00:00:00-04:00</updated><id>http://www.jajb.dystopian.website/code-highlighting-post</id><content type="html" xml:base="http://www.jajb.dystopian.website/code-highlighting-post">&lt;p&gt;Syntax highlighting is a feature that displays source code, in different colors and fonts according to the category of terms. This feature facilitates writing in a structured language such as a programming language or a markup language as both structures and syntax errors are visually distinct. Highlighting does not affect the meaning of the text itself; it is intended only for human readers.&lt;sup id=&quot;fnref:1&quot;&gt;&lt;a href=&quot;#fn:1&quot; class=&quot;footnote&quot;&gt;1&lt;/a&gt;&lt;/sup&gt;&lt;/p&gt;

&lt;h3 id=&quot;gfm-code-blocks&quot;&gt;GFM Code Blocks&lt;/h3&gt;

&lt;p&gt;GitHub Flavored Markdown &lt;a href=&quot;https://help.github.com/articles/creating-and-highlighting-code-blocks/&quot;&gt;fenced code blocks&lt;/a&gt; are supported. To modify styling and highlight colors edit &lt;code class=&quot;highlighter-rouge&quot;&gt;/_sass/syntax.scss&lt;/code&gt;.&lt;/p&gt;

&lt;div class=&quot;language-css highlighter-rouge&quot;&gt;&lt;pre class=&quot;highlight&quot;&gt;&lt;code&gt;&lt;span class=&quot;nf&quot;&gt;#container&lt;/span&gt; &lt;span class=&quot;p&quot;&gt;{&lt;/span&gt;
  &lt;span class=&quot;nl&quot;&gt;float&lt;/span&gt;&lt;span class=&quot;p&quot;&gt;:&lt;/span&gt; &lt;span class=&quot;nb&quot;&gt;left&lt;/span&gt;&lt;span class=&quot;p&quot;&gt;;&lt;/span&gt;
  &lt;span class=&quot;nl&quot;&gt;margin&lt;/span&gt;&lt;span class=&quot;p&quot;&gt;:&lt;/span&gt; &lt;span class=&quot;m&quot;&gt;0&lt;/span&gt; &lt;span class=&quot;m&quot;&gt;-240px&lt;/span&gt; &lt;span class=&quot;m&quot;&gt;0&lt;/span&gt; &lt;span class=&quot;m&quot;&gt;0&lt;/span&gt;&lt;span class=&quot;p&quot;&gt;;&lt;/span&gt;
  &lt;span class=&quot;nl&quot;&gt;width&lt;/span&gt;&lt;span class=&quot;p&quot;&gt;:&lt;/span&gt; &lt;span class=&quot;m&quot;&gt;100%&lt;/span&gt;&lt;span class=&quot;p&quot;&gt;;&lt;/span&gt;
&lt;span class=&quot;p&quot;&gt;}&lt;/span&gt;
&lt;/code&gt;&lt;/pre&gt;
&lt;/div&gt;

&lt;figure class=&quot;highlight&quot;&gt;&lt;pre&gt;&lt;code class=&quot;language-scss&quot; data-lang=&quot;scss&quot;&gt;&lt;span class=&quot;nc&quot;&gt;.highlight&lt;/span&gt; &lt;span class=&quot;p&quot;&gt;{&lt;/span&gt;
  &lt;span class=&quot;nl&quot;&gt;margin&lt;/span&gt;&lt;span class=&quot;p&quot;&gt;:&lt;/span&gt; &lt;span class=&quot;m&quot;&gt;0&lt;/span&gt;&lt;span class=&quot;p&quot;&gt;;&lt;/span&gt;
  &lt;span class=&quot;nl&quot;&gt;padding&lt;/span&gt;&lt;span class=&quot;p&quot;&gt;:&lt;/span&gt; &lt;span class=&quot;m&quot;&gt;1em&lt;/span&gt;&lt;span class=&quot;p&quot;&gt;;&lt;/span&gt;
  &lt;span class=&quot;nl&quot;&gt;font-family&lt;/span&gt;&lt;span class=&quot;p&quot;&gt;:&lt;/span&gt; &lt;span class=&quot;nv&quot;&gt;$monospace&lt;/span&gt;&lt;span class=&quot;p&quot;&gt;;&lt;/span&gt;
  &lt;span class=&quot;nl&quot;&gt;font-size&lt;/span&gt;&lt;span class=&quot;p&quot;&gt;:&lt;/span&gt; &lt;span class=&quot;nv&quot;&gt;$type-size-7&lt;/span&gt;&lt;span class=&quot;p&quot;&gt;;&lt;/span&gt;
  &lt;span class=&quot;nl&quot;&gt;line-height&lt;/span&gt;&lt;span class=&quot;p&quot;&gt;:&lt;/span&gt; &lt;span class=&quot;m&quot;&gt;1&lt;/span&gt;&lt;span class=&quot;mi&quot;&gt;.8&lt;/span&gt;&lt;span class=&quot;p&quot;&gt;;&lt;/span&gt;
&lt;span class=&quot;p&quot;&gt;}&lt;/span&gt;&lt;/code&gt;&lt;/pre&gt;&lt;/figure&gt;

&lt;div class=&quot;language-html highlighter-rouge&quot;&gt;&lt;pre class=&quot;highlight&quot;&gt;&lt;code&gt;&lt;span class=&quot;nt&quot;&gt;&amp;lt;nav&lt;/span&gt; &lt;span class=&quot;na&quot;&gt;class=&lt;/span&gt;&lt;span class=&quot;s&quot;&gt;&quot;pagination&quot;&lt;/span&gt; &lt;span class=&quot;na&quot;&gt;role=&lt;/span&gt;&lt;span class=&quot;s&quot;&gt;&quot;navigation&quot;&lt;/span&gt;&lt;span class=&quot;nt&quot;&gt;&amp;gt;&lt;/span&gt;
  {% if page.previous %}
    &lt;span class=&quot;nt&quot;&gt;&amp;lt;a&lt;/span&gt; &lt;span class=&quot;na&quot;&gt;href=&lt;/span&gt;&lt;span class=&quot;s&quot;&gt;&quot;{{ site.url }}{{ page.previous.url }}&quot;&lt;/span&gt; &lt;span class=&quot;na&quot;&gt;class=&lt;/span&gt;&lt;span class=&quot;s&quot;&gt;&quot;btn&quot;&lt;/span&gt; &lt;span class=&quot;na&quot;&gt;title=&lt;/span&gt;&lt;span class=&quot;s&quot;&gt;&quot;{{ page.previous.title }}&quot;&lt;/span&gt;&lt;span class=&quot;nt&quot;&gt;&amp;gt;&lt;/span&gt;Previous article&lt;span class=&quot;nt&quot;&gt;&amp;lt;/a&amp;gt;&lt;/span&gt;
  {% endif %}
  {% if page.next %}
    &lt;span class=&quot;nt&quot;&gt;&amp;lt;a&lt;/span&gt; &lt;span class=&quot;na&quot;&gt;href=&lt;/span&gt;&lt;span class=&quot;s&quot;&gt;&quot;{{ site.url }}{{ page.next.url }}&quot;&lt;/span&gt; &lt;span class=&quot;na&quot;&gt;class=&lt;/span&gt;&lt;span class=&quot;s&quot;&gt;&quot;btn&quot;&lt;/span&gt; &lt;span class=&quot;na&quot;&gt;title=&lt;/span&gt;&lt;span class=&quot;s&quot;&gt;&quot;{{ page.next.title }}&quot;&lt;/span&gt;&lt;span class=&quot;nt&quot;&gt;&amp;gt;&lt;/span&gt;Next article&lt;span class=&quot;nt&quot;&gt;&amp;lt;/a&amp;gt;&lt;/span&gt;
  {% endif %}
&lt;span class=&quot;nt&quot;&gt;&amp;lt;/nav&amp;gt;&lt;/span&gt;&lt;span class=&quot;c&quot;&gt;&amp;lt;!-- /.pagination --&amp;gt;&lt;/span&gt;
&lt;/code&gt;&lt;/pre&gt;
&lt;/div&gt;

&lt;figure class=&quot;highlight&quot;&gt;&lt;pre&gt;&lt;code class=&quot;language-html&quot; data-lang=&quot;html&quot;&gt;&lt;table style=&quot;border-spacing: 0&quot;&gt;&lt;tbody&gt;&lt;tr&gt;&lt;td class=&quot;gutter gl&quot; style=&quot;text-align: right&quot;&gt;&lt;pre class=&quot;lineno&quot;&gt;1
2
3
4
5
6
7
8&lt;/pre&gt;&lt;/td&gt;&lt;td class=&quot;code&quot;&gt;&lt;pre&gt;&lt;span class=&quot;nt&quot;&gt;&amp;lt;nav&lt;/span&gt; &lt;span class=&quot;na&quot;&gt;class=&lt;/span&gt;&lt;span class=&quot;s&quot;&gt;&quot;pagination&quot;&lt;/span&gt; &lt;span class=&quot;na&quot;&gt;role=&lt;/span&gt;&lt;span class=&quot;s&quot;&gt;&quot;navigation&quot;&lt;/span&gt;&lt;span class=&quot;nt&quot;&gt;&amp;gt;&lt;/span&gt;
  {% if page.previous %}
    &lt;span class=&quot;nt&quot;&gt;&amp;lt;a&lt;/span&gt; &lt;span class=&quot;na&quot;&gt;href=&lt;/span&gt;&lt;span class=&quot;s&quot;&gt;&quot;{{ site.url }}{{ page.previous.url }}&quot;&lt;/span&gt; &lt;span class=&quot;na&quot;&gt;class=&lt;/span&gt;&lt;span class=&quot;s&quot;&gt;&quot;btn&quot;&lt;/span&gt; &lt;span class=&quot;na&quot;&gt;title=&lt;/span&gt;&lt;span class=&quot;s&quot;&gt;&quot;{{ page.previous.title }}&quot;&lt;/span&gt;&lt;span class=&quot;nt&quot;&gt;&amp;gt;&lt;/span&gt;Previous article&lt;span class=&quot;nt&quot;&gt;&amp;lt;/a&amp;gt;&lt;/span&gt;
  {% endif %}
  {% if page.next %}
    &lt;span class=&quot;nt&quot;&gt;&amp;lt;a&lt;/span&gt; &lt;span class=&quot;na&quot;&gt;href=&lt;/span&gt;&lt;span class=&quot;s&quot;&gt;&quot;{{ site.url }}{{ page.next.url }}&quot;&lt;/span&gt; &lt;span class=&quot;na&quot;&gt;class=&lt;/span&gt;&lt;span class=&quot;s&quot;&gt;&quot;btn&quot;&lt;/span&gt; &lt;span class=&quot;na&quot;&gt;title=&lt;/span&gt;&lt;span class=&quot;s&quot;&gt;&quot;{{ page.next.title }}&quot;&lt;/span&gt;&lt;span class=&quot;nt&quot;&gt;&amp;gt;&lt;/span&gt;Next article&lt;span class=&quot;nt&quot;&gt;&amp;lt;/a&amp;gt;&lt;/span&gt;
  {% endif %}
&lt;span class=&quot;nt&quot;&gt;&amp;lt;/nav&amp;gt;&lt;/span&gt;&lt;span class=&quot;c&quot;&gt;&amp;lt;!-- /.pagination --&amp;gt;&lt;/span&gt;&lt;span class=&quot;w&quot;&gt;
&lt;/span&gt;&lt;/pre&gt;&lt;/td&gt;&lt;/tr&gt;&lt;/tbody&gt;&lt;/table&gt;&lt;/code&gt;&lt;/pre&gt;&lt;/figure&gt;

&lt;div class=&quot;language-ruby highlighter-rouge&quot;&gt;&lt;pre class=&quot;highlight&quot;&gt;&lt;code&gt;&lt;span class=&quot;k&quot;&gt;module&lt;/span&gt; &lt;span class=&quot;nn&quot;&gt;Jekyll&lt;/span&gt;
  &lt;span class=&quot;k&quot;&gt;class&lt;/span&gt; &lt;span class=&quot;nc&quot;&gt;TagIndex&lt;/span&gt; &lt;span class=&quot;o&quot;&gt;&amp;lt;&lt;/span&gt; &lt;span class=&quot;no&quot;&gt;Page&lt;/span&gt;
    &lt;span class=&quot;k&quot;&gt;def&lt;/span&gt; &lt;span class=&quot;nf&quot;&gt;initialize&lt;/span&gt;&lt;span class=&quot;p&quot;&gt;(&lt;/span&gt;&lt;span class=&quot;n&quot;&gt;site&lt;/span&gt;&lt;span class=&quot;p&quot;&gt;,&lt;/span&gt; &lt;span class=&quot;n&quot;&gt;base&lt;/span&gt;&lt;span class=&quot;p&quot;&gt;,&lt;/span&gt; &lt;span class=&quot;n&quot;&gt;dir&lt;/span&gt;&lt;span class=&quot;p&quot;&gt;,&lt;/span&gt; &lt;span class=&quot;n&quot;&gt;tag&lt;/span&gt;&lt;span class=&quot;p&quot;&gt;)&lt;/span&gt;
      &lt;span class=&quot;vi&quot;&gt;@site&lt;/span&gt; &lt;span class=&quot;o&quot;&gt;=&lt;/span&gt; &lt;span class=&quot;n&quot;&gt;site&lt;/span&gt;
      &lt;span class=&quot;vi&quot;&gt;@base&lt;/span&gt; &lt;span class=&quot;o&quot;&gt;=&lt;/span&gt; &lt;span class=&quot;n&quot;&gt;base&lt;/span&gt;
      &lt;span class=&quot;vi&quot;&gt;@dir&lt;/span&gt; &lt;span class=&quot;o&quot;&gt;=&lt;/span&gt; &lt;span class=&quot;n&quot;&gt;dir&lt;/span&gt;
      &lt;span class=&quot;vi&quot;&gt;@name&lt;/span&gt; &lt;span class=&quot;o&quot;&gt;=&lt;/span&gt; &lt;span class=&quot;s1&quot;&gt;&#39;index.html&#39;&lt;/span&gt;
      &lt;span class=&quot;nb&quot;&gt;self&lt;/span&gt;&lt;span class=&quot;p&quot;&gt;.&lt;/span&gt;&lt;span class=&quot;nf&quot;&gt;process&lt;/span&gt;&lt;span class=&quot;p&quot;&gt;(&lt;/span&gt;&lt;span class=&quot;vi&quot;&gt;@name&lt;/span&gt;&lt;span class=&quot;p&quot;&gt;)&lt;/span&gt;
      &lt;span class=&quot;nb&quot;&gt;self&lt;/span&gt;&lt;span class=&quot;p&quot;&gt;.&lt;/span&gt;&lt;span class=&quot;nf&quot;&gt;read_yaml&lt;/span&gt;&lt;span class=&quot;p&quot;&gt;(&lt;/span&gt;&lt;span class=&quot;no&quot;&gt;File&lt;/span&gt;&lt;span class=&quot;p&quot;&gt;.&lt;/span&gt;&lt;span class=&quot;nf&quot;&gt;join&lt;/span&gt;&lt;span class=&quot;p&quot;&gt;(&lt;/span&gt;&lt;span class=&quot;n&quot;&gt;base&lt;/span&gt;&lt;span class=&quot;p&quot;&gt;,&lt;/span&gt; &lt;span class=&quot;s1&quot;&gt;&#39;_layouts&#39;&lt;/span&gt;&lt;span class=&quot;p&quot;&gt;),&lt;/span&gt; &lt;span class=&quot;s1&quot;&gt;&#39;tag_index.html&#39;&lt;/span&gt;&lt;span class=&quot;p&quot;&gt;)&lt;/span&gt;
      &lt;span class=&quot;nb&quot;&gt;self&lt;/span&gt;&lt;span class=&quot;p&quot;&gt;.&lt;/span&gt;&lt;span class=&quot;nf&quot;&gt;data&lt;/span&gt;&lt;span class=&quot;p&quot;&gt;[&lt;/span&gt;&lt;span class=&quot;s1&quot;&gt;&#39;tag&#39;&lt;/span&gt;&lt;span class=&quot;p&quot;&gt;]&lt;/span&gt; &lt;span class=&quot;o&quot;&gt;=&lt;/span&gt; &lt;span class=&quot;n&quot;&gt;tag&lt;/span&gt;
      &lt;span class=&quot;n&quot;&gt;tag_title_prefix&lt;/span&gt; &lt;span class=&quot;o&quot;&gt;=&lt;/span&gt; &lt;span class=&quot;n&quot;&gt;site&lt;/span&gt;&lt;span class=&quot;p&quot;&gt;.&lt;/span&gt;&lt;span class=&quot;nf&quot;&gt;config&lt;/span&gt;&lt;span class=&quot;p&quot;&gt;[&lt;/span&gt;&lt;span class=&quot;s1&quot;&gt;&#39;tag_title_prefix&#39;&lt;/span&gt;&lt;span class=&quot;p&quot;&gt;]&lt;/span&gt; &lt;span class=&quot;o&quot;&gt;||&lt;/span&gt; &lt;span class=&quot;s1&quot;&gt;&#39;Tagged: &#39;&lt;/span&gt;
      &lt;span class=&quot;n&quot;&gt;tag_title_suffix&lt;/span&gt; &lt;span class=&quot;o&quot;&gt;=&lt;/span&gt; &lt;span class=&quot;n&quot;&gt;site&lt;/span&gt;&lt;span class=&quot;p&quot;&gt;.&lt;/span&gt;&lt;span class=&quot;nf&quot;&gt;config&lt;/span&gt;&lt;span class=&quot;p&quot;&gt;[&lt;/span&gt;&lt;span class=&quot;s1&quot;&gt;&#39;tag_title_suffix&#39;&lt;/span&gt;&lt;span class=&quot;p&quot;&gt;]&lt;/span&gt; &lt;span class=&quot;o&quot;&gt;||&lt;/span&gt; &lt;span class=&quot;s1&quot;&gt;&#39;&amp;amp;#8211;&#39;&lt;/span&gt;
      &lt;span class=&quot;nb&quot;&gt;self&lt;/span&gt;&lt;span class=&quot;p&quot;&gt;.&lt;/span&gt;&lt;span class=&quot;nf&quot;&gt;data&lt;/span&gt;&lt;span class=&quot;p&quot;&gt;[&lt;/span&gt;&lt;span class=&quot;s1&quot;&gt;&#39;title&#39;&lt;/span&gt;&lt;span class=&quot;p&quot;&gt;]&lt;/span&gt; &lt;span class=&quot;o&quot;&gt;=&lt;/span&gt; &lt;span class=&quot;s2&quot;&gt;&quot;&lt;/span&gt;&lt;span class=&quot;si&quot;&gt;#{&lt;/span&gt;&lt;span class=&quot;n&quot;&gt;tag_title_prefix&lt;/span&gt;&lt;span class=&quot;si&quot;&gt;}#{&lt;/span&gt;&lt;span class=&quot;n&quot;&gt;tag&lt;/span&gt;&lt;span class=&quot;si&quot;&gt;}&lt;/span&gt;&lt;span class=&quot;s2&quot;&gt;&quot;&lt;/span&gt;
      &lt;span class=&quot;nb&quot;&gt;self&lt;/span&gt;&lt;span class=&quot;p&quot;&gt;.&lt;/span&gt;&lt;span class=&quot;nf&quot;&gt;data&lt;/span&gt;&lt;span class=&quot;p&quot;&gt;[&lt;/span&gt;&lt;span class=&quot;s1&quot;&gt;&#39;description&#39;&lt;/span&gt;&lt;span class=&quot;p&quot;&gt;]&lt;/span&gt; &lt;span class=&quot;o&quot;&gt;=&lt;/span&gt; &lt;span class=&quot;s2&quot;&gt;&quot;An archive of posts tagged &lt;/span&gt;&lt;span class=&quot;si&quot;&gt;#{&lt;/span&gt;&lt;span class=&quot;n&quot;&gt;tag&lt;/span&gt;&lt;span class=&quot;si&quot;&gt;}&lt;/span&gt;&lt;span class=&quot;s2&quot;&gt;.&quot;&lt;/span&gt;
    &lt;span class=&quot;k&quot;&gt;end&lt;/span&gt;
  &lt;span class=&quot;k&quot;&gt;end&lt;/span&gt;
&lt;span class=&quot;k&quot;&gt;end&lt;/span&gt;
&lt;/code&gt;&lt;/pre&gt;
&lt;/div&gt;

&lt;h3 id=&quot;code-blocks-in-lists&quot;&gt;Code Blocks in Lists&lt;/h3&gt;

&lt;p&gt;Indentation matters. Be sure the indent of the code block aligns with the first non-space character after the list item marker (e.g., &lt;code class=&quot;highlighter-rouge&quot;&gt;1.&lt;/code&gt;). Usually this will mean indenting 3 spaces instead of 4.&lt;/p&gt;

&lt;ol&gt;
  &lt;li&gt;Do step 1.&lt;/li&gt;
  &lt;li&gt;
    &lt;p&gt;Now do this:&lt;/p&gt;

    &lt;div class=&quot;language-ruby highlighter-rouge&quot;&gt;&lt;pre class=&quot;highlight&quot;&gt;&lt;code&gt;&lt;span class=&quot;k&quot;&gt;def&lt;/span&gt; &lt;span class=&quot;nf&quot;&gt;print_hi&lt;/span&gt;&lt;span class=&quot;p&quot;&gt;(&lt;/span&gt;&lt;span class=&quot;nb&quot;&gt;name&lt;/span&gt;&lt;span class=&quot;p&quot;&gt;)&lt;/span&gt;
  &lt;span class=&quot;nb&quot;&gt;puts&lt;/span&gt; &lt;span class=&quot;s2&quot;&gt;&quot;Hi, &lt;/span&gt;&lt;span class=&quot;si&quot;&gt;#{&lt;/span&gt;&lt;span class=&quot;nb&quot;&gt;name&lt;/span&gt;&lt;span class=&quot;si&quot;&gt;}&lt;/span&gt;&lt;span class=&quot;s2&quot;&gt;&quot;&lt;/span&gt;
&lt;span class=&quot;k&quot;&gt;end&lt;/span&gt;
&lt;span class=&quot;n&quot;&gt;print_hi&lt;/span&gt;&lt;span class=&quot;p&quot;&gt;(&lt;/span&gt;&lt;span class=&quot;s1&quot;&gt;&#39;Tom&#39;&lt;/span&gt;&lt;span class=&quot;p&quot;&gt;)&lt;/span&gt;
&lt;span class=&quot;c1&quot;&gt;#=&amp;gt; prints &#39;Hi, Tom&#39; to STDOUT.&lt;/span&gt;
&lt;/code&gt;&lt;/pre&gt;
    &lt;/div&gt;
  &lt;/li&gt;
  &lt;li&gt;Now you can do this.&lt;/li&gt;
&lt;/ol&gt;

&lt;h3 id=&quot;github-gist-embed&quot;&gt;GitHub Gist Embed&lt;/h3&gt;

&lt;p&gt;An example of a Gist embed below.&lt;/p&gt;

&lt;noscript&gt;&lt;pre&gt;404: Not Found
&lt;/pre&gt;&lt;/noscript&gt;
&lt;script src=&quot;https://gist.github.com/mmistakes/6589546.js&quot;&gt; &lt;/script&gt;

&lt;div class=&quot;footnotes&quot;&gt;
  &lt;ol&gt;
    &lt;li id=&quot;fn:1&quot;&gt;
      &lt;p&gt;&lt;a href=&quot;http://en.wikipedia.org/wiki/Syntax_highlighting&quot;&gt;http://en.wikipedia.org/wiki/Syntax_highlighting&lt;/a&gt; &lt;a href=&quot;#fnref:1&quot; class=&quot;reversefootnote&quot;&gt;&amp;#8617;&lt;/a&gt;&lt;/p&gt;
    &lt;/li&gt;
  &lt;/ol&gt;
&lt;/div&gt;</content><category term="sample post" /><category term="code" /><category term="highlighting" /><summary>Syntax highlighting is a feature that displays source code, in different colors and fonts according to the category of terms. This feature facilitates writing in a structured language such as a programming language or a markup language as both structures and syntax errors are visually distinct. Highlighting does not affect the meaning of the text itself; it is intended only for human readers.1


  
    
      http://en.wikipedia.org/wiki/Syntax_highlighting &amp;#8617;</summary><media:thumbnail xmlns:media="http://search.yahoo.com/mrss/" url="http://www.jajb.dystopian.website{&quot;feature&quot;=&gt;&quot;abstract-10.jpg&quot;, &quot;credit&quot;=&gt;&quot;dargadgetz&quot;, &quot;creditlink&quot;=&gt;&quot;http://www.dargadgetz.com/ios-7-abstract-wallpaper-pack-for-iphone-5-and-ipod-touch-retina/&quot;}" /></entry><entry><title>Sample Link Post</title><link href="http://www.jajb.dystopian.website/sample-link-post" rel="alternate" type="text/html" title="Sample Link Post" /><published>2013-08-12T00:00:00-04:00</published><updated>2013-08-12T00:00:00-04:00</updated><id>http://www.jajb.dystopian.website/sample-link-post</id><content type="html" xml:base="http://www.jajb.dystopian.website/sample-link-post">&lt;p&gt;This theme supports &lt;strong&gt;link posts&lt;/strong&gt;, made famous by John Gruber. To use, just add &lt;code class=&quot;highlighter-rouge&quot;&gt;link: http://url-you-want-linked&lt;/code&gt; to the post’s YAML front matter and you’re done.&lt;/p&gt;</content><category term="sample post" /><category term="link post" /><summary>This theme supports link posts, made famous by John Gruber. To use, just add link: http://url-you-want-linked to the post’s YAML front matter and you’re done.</summary></entry><entry><title>A Post with a Video</title><link href="http://www.jajb.dystopian.website/video-post" rel="alternate" type="text/html" title="A Post with a Video" /><published>2013-06-25T00:00:00-04:00</published><updated>2013-06-25T00:00:00-04:00</updated><id>http://www.jajb.dystopian.website/video-post</id><content type="html" xml:base="http://www.jajb.dystopian.website/video-post">&lt;iframe width=&quot;560&quot; height=&quot;315&quot; src=&quot;//www.youtube.com/embed/SU3kYxJmWuQ&quot; frameborder=&quot;0&quot;&gt;&lt;/iframe&gt;

&lt;p&gt;Video embeds are responsive and scale with the width of the main content block with the help of &lt;a href=&quot;http://fitvidsjs.com/&quot;&gt;FitVids&lt;/a&gt;.&lt;/p&gt;

&lt;div class=&quot;language-html highlighter-rouge&quot;&gt;&lt;pre class=&quot;highlight&quot;&gt;&lt;code&gt;&lt;span class=&quot;nt&quot;&gt;&amp;lt;iframe&lt;/span&gt; &lt;span class=&quot;na&quot;&gt;width=&lt;/span&gt;&lt;span class=&quot;s&quot;&gt;&quot;560&quot;&lt;/span&gt; &lt;span class=&quot;na&quot;&gt;height=&lt;/span&gt;&lt;span class=&quot;s&quot;&gt;&quot;315&quot;&lt;/span&gt; &lt;span class=&quot;na&quot;&gt;src=&lt;/span&gt;&lt;span class=&quot;s&quot;&gt;&quot;//www.youtube.com/embed/SU3kYxJmWuQ&quot;&lt;/span&gt; &lt;span class=&quot;na&quot;&gt;frameborder=&lt;/span&gt;&lt;span class=&quot;s&quot;&gt;&quot;0&quot;&lt;/span&gt;&lt;span class=&quot;nt&quot;&gt;&amp;gt;&amp;lt;/iframe&amp;gt;&lt;/span&gt;
&lt;/code&gt;&lt;/pre&gt;
&lt;/div&gt;</content><category term="sample post" /><category term="video" /><summary></summary></entry><entry><title>Post with Large Feature Image and Text</title><link href="http://www.jajb.dystopian.website/readability-feature-post" rel="alternate" type="text/html" title="Post with Large Feature Image and Text" /><published>2013-05-23T00:00:00-04:00</published><updated>2013-05-23T00:00:00-04:00</updated><id>http://www.jajb.dystopian.website/readability-feature-post</id><content type="html" xml:base="http://www.jajb.dystopian.website/readability-feature-post">&lt;p&gt;This is a sample post with a large feature image up top and tons of text. Odio ad blue bottle vinyl, 90’s narwhal commodo bitters pour-over nostrud. Ugh est hashtag in, fingerstache adipisicing laboris esse Pinterest shabby chic Portland. Shoreditch bicycle rights anim, flexitarian laboris put a bird on it vinyl cupidatat narwhal. Hashtag artisan skateboard, flannel Bushwick nesciunt salvia aute fixie do plaid post-ironic dolor McSweeney’s. Cliche pour-over chambray nulla four loko skateboard sapiente hashtag.&lt;/p&gt;

&lt;p&gt;Vero laborum commodo occupy. Semiotics voluptate mumblecore pug. Cosby sweater ullamco quinoa ennui assumenda, sapiente occupy delectus lo-fi. Ea fashion axe Marfa cillum aliquip. Retro Bushwick keytar cliche. Before they sold out sustainable gastropub Marfa readymade, ethical Williamsburg skateboard brunch qui consectetur gentrify semiotics. Mustache cillum irony, fingerstache magna pour-over keffiyeh tousled selfies.&lt;/p&gt;

&lt;h2 id=&quot;cupidatat-90s-lo-fi-authentic-try-hard&quot;&gt;Cupidatat 90’s lo-fi authentic try-hard&lt;/h2&gt;

&lt;p&gt;In pug Portland incididunt mlkshk put a bird on it vinyl quinoa. Terry Richardson shabby chic +1, scenester Tonx excepteur tempor fugiat voluptate fingerstache aliquip nisi next level. Farm-to-table hashtag Truffaut, Odd Future ex meggings gentrify single-origin coffee try-hard 90’s.&lt;/p&gt;

&lt;ul&gt;
  &lt;li&gt;Sartorial hoodie&lt;/li&gt;
  &lt;li&gt;Labore viral forage&lt;/li&gt;
  &lt;li&gt;Tote bag selvage&lt;/li&gt;
  &lt;li&gt;DIY exercitation et id ugh tumblr church-key&lt;/li&gt;
&lt;/ul&gt;

&lt;p&gt;Incididunt umami sriracha, ethical fugiat VHS ex assumenda yr irure direct trade. Marfa Truffaut bicycle rights, kitsch placeat Etsy kogi asymmetrical. Beard locavore flexitarian, kitsch photo booth hoodie plaid ethical readymade leggings yr.&lt;/p&gt;

&lt;p&gt;Aesthetic odio dolore, meggings disrupt qui readymade stumptown brunch Terry Richardson pour-over gluten-free. Banksy american apparel in selfies, biodiesel flexitarian organic meh wolf quinoa gentrify banjo kogi. Readymade tofu ex, scenester dolor umami fingerstache occaecat fashion axe Carles jean shorts minim. Keffiyeh fashion axe nisi Godard mlkshk dolore. Lomo you probably haven’t heard of them eu non, Odd Future Truffaut pug keytar meggings McSweeney’s Pinterest cred. Etsy literally aute esse, eu bicycle rights qui meggings fanny pack. Gentrify leggings pug flannel duis.&lt;/p&gt;

&lt;h2 id=&quot;forage-occaecat-cardigan-qui&quot;&gt;Forage occaecat cardigan qui&lt;/h2&gt;

&lt;p&gt;Fashion axe hella gastropub lo-fi kogi 90’s aliquip +1 veniam delectus tousled. Cred sriracha locavore gastropub kale chips, iPhone mollit sartorial. Anim dolore 8-bit, pork belly dolor photo booth aute flannel small batch. Dolor disrupt ennui, tattooed whatever salvia Banksy sartorial roof party selfies raw denim sint meh pour-over. Ennui eu cardigan sint, gentrify iPhone cornhole.&lt;/p&gt;

&lt;blockquote&gt;
  &lt;p&gt;Whatever velit occaecat quis deserunt gastropub, leggings elit tousled roof party 3 wolf moon kogi pug blue bottle ea. Fashion axe shabby chic Austin quinoa pickled laborum bitters next level, disrupt deep v accusamus non fingerstache.&lt;/p&gt;
&lt;/blockquote&gt;

&lt;p&gt;Tote bag asymmetrical elit sunt. Occaecat authentic Marfa, hella McSweeney’s next level irure veniam master cleanse. Sed hoodie letterpress artisan wolf leggings, 3 wolf moon commodo ullamco. Anim occupy ea labore Terry Richardson. Tofu ex master cleanse in whatever pitchfork banh mi, occupy fugiat fanny pack Austin authentic. Magna fugiat 3 wolf moon, labore McSweeney’s sustainable vero consectetur. Gluten-free disrupt enim, aesthetic fugiat jean shorts trust fund keffiyeh magna try-hard.&lt;/p&gt;

&lt;h2 id=&quot;hoodie-duis&quot;&gt;Hoodie Duis&lt;/h2&gt;

&lt;p&gt;Actually salvia consectetur, hoodie duis lomo YOLO sunt sriracha. Aute pop-up brunch farm-to-table odio, salvia irure occaecat. Sriracha small batch literally skateboard. Echo Park nihil hoodie, aliquip forage artisan laboris. Trust fund reprehenderit nulla locavore. Stumptown raw denim kitsch, keffiyeh nulla twee dreamcatcher fanny pack ullamco 90’s pop-up est culpa farm-to-table. Selfies 8-bit do pug odio.&lt;/p&gt;

&lt;h3 id=&quot;thundercats-ho&quot;&gt;Thundercats Ho!&lt;/h3&gt;

&lt;p&gt;Fingerstache thundercats Williamsburg, deep v scenester Banksy ennui vinyl selfies mollit biodiesel duis odio pop-up. Banksy 3 wolf moon try-hard, sapiente enim stumptown deep v ad letterpress. Squid beard brunch, exercitation raw denim yr sint direct trade. Raw denim narwhal id, flannel DIY McSweeney’s seitan. Letterpress artisan bespoke accusamus, meggings laboris consequat Truffaut qui in seitan. Sustainable cornhole Schlitz, twee Cosby sweater banh mi deep v forage letterpress flannel whatever keffiyeh. Sartorial cred irure, semiotics ethical sed blue bottle nihil letterpress.&lt;/p&gt;

&lt;p&gt;Occupy et selvage squid, pug brunch blog nesciunt hashtag mumblecore skateboard yr kogi. Ugh small batch swag four loko. Fap post-ironic qui tote bag farm-to-table american apparel scenester keffiyeh vero, swag non pour-over gentrify authentic pitchfork. Schlitz scenester lo-fi voluptate, tote bag irony bicycle rights pariatur vero Vice freegan wayfarers exercitation nisi shoreditch. Chambray tofu vero sed. Street art swag literally leggings, Cosby sweater mixtape PBR lomo Banksy non in pitchfork ennui McSweeney’s selfies. Odd Future Banksy non authentic.&lt;/p&gt;

&lt;p&gt;Aliquip enim artisan dolor post-ironic. Pug tote bag Marfa, deserunt pour-over Portland wolf eu odio intelligentsia american apparel ugh ea. Sunt viral et, 3 wolf moon gastropub pug id. Id fashion axe est typewriter, mlkshk Portland art party aute brunch. Sint pork belly Cosby sweater, deep v mumblecore kitsch american apparel. Try-hard direct trade tumblr sint skateboard. Adipisicing bitters excepteur biodiesel, pickled gastropub aute veniam.&lt;/p&gt;</content><category term="sample post" /><category term="readability" /><summary>This is a sample post with a large feature image up top and tons of text. Odio ad blue bottle vinyl, 90’s narwhal commodo bitters pour-over nostrud. Ugh est hashtag in, fingerstache adipisicing laboris esse Pinterest shabby chic Portland. Shoreditch bicycle rights anim, flexitarian laboris put a bird on it vinyl cupidatat narwhal. Hashtag artisan skateboard, flannel Bushwick nesciunt salvia aute fixie do plaid post-ironic dolor McSweeney’s. Cliche pour-over chambray nulla four loko skateboard sapiente hashtag.</summary><media:thumbnail xmlns:media="http://search.yahoo.com/mrss/" url="http://www.jajb.dystopian.website{&quot;feature&quot;=&gt;&quot;abstract-7.jpg&quot;, &quot;credit&quot;=&gt;&quot;dargadgetz&quot;, &quot;creditlink&quot;=&gt;&quot;http://www.dargadgetz.com/ios-7-abstract-wallpaper-pack-for-iphone-5-and-ipod-touch-retina/&quot;}" /></entry><entry><title>A Post with Images</title><link href="http://www.jajb.dystopian.website/sample-post-images" rel="alternate" type="text/html" title="A Post with Images" /><published>2013-05-22T00:00:00-04:00</published><updated>2013-05-22T00:00:00-04:00</updated><id>http://www.jajb.dystopian.website/sample-post-images</id><content type="html" xml:base="http://www.jajb.dystopian.website/sample-post-images">&lt;p&gt;Here are some examples of what a post with images might look like. If you want to display two or three images next to each other responsively use &lt;code class=&quot;highlighter-rouge&quot;&gt;figure&lt;/code&gt; with the appropriate &lt;code class=&quot;highlighter-rouge&quot;&gt;class&lt;/code&gt;. Each instance of &lt;code class=&quot;highlighter-rouge&quot;&gt;figure&lt;/code&gt; is auto-numbered and displayed in the caption.&lt;/p&gt;

&lt;h2 id=&quot;figures-for-images-or-video&quot;&gt;Figures (for images or video)&lt;/h2&gt;

&lt;h3 id=&quot;one-up&quot;&gt;One Up&lt;/h3&gt;

&lt;figure&gt;
	&lt;a href=&quot;http://farm9.staticflickr.com/8426/7758832526_cc8f681e48_b.jpg&quot;&gt;&lt;img src=&quot;http://farm9.staticflickr.com/8426/7758832526_cc8f681e48_c.jpg&quot; alt=&quot;&quot; /&gt;&lt;/a&gt;
	&lt;figcaption&gt;&lt;a href=&quot;http://www.flickr.com/photos/80901381@N04/7758832526/&quot; title=&quot;Morning Fog Emerging From Trees by A Guy Taking Pictures, on Flickr&quot;&gt;Morning Fog Emerging From Trees by A Guy Taking Pictures, on Flickr&lt;/a&gt;.&lt;/figcaption&gt;
&lt;/figure&gt;

&lt;h3 id=&quot;two-up&quot;&gt;Two Up&lt;/h3&gt;

&lt;p&gt;Apply the &lt;code class=&quot;highlighter-rouge&quot;&gt;half&lt;/code&gt; class like so to display two images side by side that share the same caption.&lt;/p&gt;

&lt;div class=&quot;language-html highlighter-rouge&quot;&gt;&lt;pre class=&quot;highlight&quot;&gt;&lt;code&gt;&lt;span class=&quot;nt&quot;&gt;&amp;lt;figure&lt;/span&gt; &lt;span class=&quot;na&quot;&gt;class=&lt;/span&gt;&lt;span class=&quot;s&quot;&gt;&quot;half&quot;&lt;/span&gt;&lt;span class=&quot;nt&quot;&gt;&amp;gt;&lt;/span&gt;
	&lt;span class=&quot;nt&quot;&gt;&amp;lt;img&lt;/span&gt; &lt;span class=&quot;na&quot;&gt;src=&lt;/span&gt;&lt;span class=&quot;s&quot;&gt;&quot;/images/image-filename-1.jpg&quot;&lt;/span&gt; &lt;span class=&quot;na&quot;&gt;alt=&lt;/span&gt;&lt;span class=&quot;s&quot;&gt;&quot;&quot;&lt;/span&gt;&lt;span class=&quot;nt&quot;&gt;&amp;gt;&lt;/span&gt;
	&lt;span class=&quot;nt&quot;&gt;&amp;lt;img&lt;/span&gt; &lt;span class=&quot;na&quot;&gt;src=&lt;/span&gt;&lt;span class=&quot;s&quot;&gt;&quot;/images/image-filename-2.jpg&quot;&lt;/span&gt; &lt;span class=&quot;na&quot;&gt;alt=&lt;/span&gt;&lt;span class=&quot;s&quot;&gt;&quot;&quot;&lt;/span&gt;&lt;span class=&quot;nt&quot;&gt;&amp;gt;&lt;/span&gt;
	&lt;span class=&quot;nt&quot;&gt;&amp;lt;figcaption&amp;gt;&lt;/span&gt;Caption describing these two images.&lt;span class=&quot;nt&quot;&gt;&amp;lt;/figcaption&amp;gt;&lt;/span&gt;
&lt;span class=&quot;nt&quot;&gt;&amp;lt;/figure&amp;gt;&lt;/span&gt;
&lt;/code&gt;&lt;/pre&gt;
&lt;/div&gt;

&lt;p&gt;And you’ll get something that looks like this:&lt;/p&gt;

&lt;figure class=&quot;half&quot;&gt;
	&lt;a href=&quot;http://placehold.it/1200x600.jpg&quot;&gt;&lt;img src=&quot;http://placehold.it/600x300.jpg&quot; alt=&quot;&quot; /&gt;&lt;/a&gt;
	&lt;a href=&quot;http://placehold.it/1200x600.jpg&quot;&gt;&lt;img src=&quot;http://placehold.it/600x300.jpg&quot; alt=&quot;&quot; /&gt;&lt;/a&gt;
	&lt;img src=&quot;http://placehold.it/600x300.jpg&quot; alt=&quot;&quot; /&gt;
	&lt;img src=&quot;http://placehold.it/600x300.jpg&quot; alt=&quot;&quot; /&gt;
	&lt;figcaption&gt;Two images.&lt;/figcaption&gt;
&lt;/figure&gt;

&lt;h3 id=&quot;three-up&quot;&gt;Three Up&lt;/h3&gt;

&lt;p&gt;Apply the &lt;code class=&quot;highlighter-rouge&quot;&gt;third&lt;/code&gt; class like so to display three images side by side that share the same caption.&lt;/p&gt;

&lt;div class=&quot;language-html highlighter-rouge&quot;&gt;&lt;pre class=&quot;highlight&quot;&gt;&lt;code&gt;&lt;span class=&quot;nt&quot;&gt;&amp;lt;figure&lt;/span&gt; &lt;span class=&quot;na&quot;&gt;class=&lt;/span&gt;&lt;span class=&quot;s&quot;&gt;&quot;third&quot;&lt;/span&gt;&lt;span class=&quot;nt&quot;&gt;&amp;gt;&lt;/span&gt;
	&lt;span class=&quot;nt&quot;&gt;&amp;lt;a&lt;/span&gt; &lt;span class=&quot;na&quot;&gt;href=&lt;/span&gt;&lt;span class=&quot;s&quot;&gt;&quot;http://placehold.it/1200x600.jpg&quot;&lt;/span&gt;&lt;span class=&quot;nt&quot;&gt;&amp;gt;&amp;lt;img&lt;/span&gt; &lt;span class=&quot;na&quot;&gt;src=&lt;/span&gt;&lt;span class=&quot;s&quot;&gt;&quot;http://placehold.it/600x300.jpg&quot;&lt;/span&gt; &lt;span class=&quot;na&quot;&gt;alt=&lt;/span&gt;&lt;span class=&quot;s&quot;&gt;&quot;&quot;&lt;/span&gt;&lt;span class=&quot;nt&quot;&gt;&amp;gt;&amp;lt;/a&amp;gt;&lt;/span&gt;
	&lt;span class=&quot;nt&quot;&gt;&amp;lt;a&lt;/span&gt; &lt;span class=&quot;na&quot;&gt;href=&lt;/span&gt;&lt;span class=&quot;s&quot;&gt;&quot;http://placehold.it/1200x600.jpg&quot;&lt;/span&gt;&lt;span class=&quot;nt&quot;&gt;&amp;gt;&amp;lt;img&lt;/span&gt; &lt;span class=&quot;na&quot;&gt;src=&lt;/span&gt;&lt;span class=&quot;s&quot;&gt;&quot;http://placehold.it/600x300.jpg&quot;&lt;/span&gt; &lt;span class=&quot;na&quot;&gt;alt=&lt;/span&gt;&lt;span class=&quot;s&quot;&gt;&quot;&quot;&lt;/span&gt;&lt;span class=&quot;nt&quot;&gt;&amp;gt;&amp;lt;/a&amp;gt;&lt;/span&gt;
	&lt;span class=&quot;nt&quot;&gt;&amp;lt;a&lt;/span&gt; &lt;span class=&quot;na&quot;&gt;href=&lt;/span&gt;&lt;span class=&quot;s&quot;&gt;&quot;http://placehold.it/1200x600.jpg&quot;&lt;/span&gt;&lt;span class=&quot;nt&quot;&gt;&amp;gt;&amp;lt;img&lt;/span&gt; &lt;span class=&quot;na&quot;&gt;src=&lt;/span&gt;&lt;span class=&quot;s&quot;&gt;&quot;http://placehold.it/600x300.jpg&quot;&lt;/span&gt; &lt;span class=&quot;na&quot;&gt;alt=&lt;/span&gt;&lt;span class=&quot;s&quot;&gt;&quot;&quot;&lt;/span&gt;&lt;span class=&quot;nt&quot;&gt;&amp;gt;&amp;lt;/a&amp;gt;&lt;/span&gt;
	&lt;span class=&quot;nt&quot;&gt;&amp;lt;figcaption&amp;gt;&lt;/span&gt;Caption describing these three images.&lt;span class=&quot;nt&quot;&gt;&amp;lt;/figcaption&amp;gt;&lt;/span&gt;
&lt;span class=&quot;nt&quot;&gt;&amp;lt;/figure&amp;gt;&lt;/span&gt;
&lt;/code&gt;&lt;/pre&gt;
&lt;/div&gt;

&lt;p&gt;And you’ll get something that looks like this:&lt;/p&gt;

&lt;figure class=&quot;third&quot;&gt;
	&lt;a href=&quot;http://placehold.it/1200x600.jpg&quot;&gt;&lt;img src=&quot;http://placehold.it/600x300.jpg&quot; alt=&quot;&quot; /&gt;&lt;/a&gt;
	&lt;a href=&quot;http://placehold.it/1200x600.jpg&quot;&gt;&lt;img src=&quot;http://placehold.it/600x300.jpg&quot; alt=&quot;&quot; /&gt;&lt;/a&gt;
	&lt;a href=&quot;http://placehold.it/1200x600.jpg&quot;&gt;&lt;img src=&quot;http://placehold.it/600x300.jpg&quot; alt=&quot;&quot; /&gt;&lt;/a&gt;
	&lt;a href=&quot;http://placehold.it/1200x600.jpg&quot;&gt;&lt;img src=&quot;http://placehold.it/600x300.jpg&quot; alt=&quot;&quot; /&gt;&lt;/a&gt;
	&lt;a href=&quot;http://placehold.it/1200x600.jpg&quot;&gt;&lt;img src=&quot;http://placehold.it/600x300.jpg&quot; alt=&quot;&quot; /&gt;&lt;/a&gt;
	&lt;a href=&quot;http://placehold.it/1200x600.jpg&quot;&gt;&lt;img src=&quot;http://placehold.it/600x300.jpg&quot; alt=&quot;&quot; /&gt;&lt;/a&gt;
	&lt;figcaption&gt;Three images.&lt;/figcaption&gt;
&lt;/figure&gt;

&lt;div id=&quot;disqus_thread&quot;&gt;&lt;/div&gt;
&lt;script&gt;

/**
*  RECOMMENDED CONFIGURATION VARIABLES: EDIT AND UNCOMMENT THE SECTION BELOW TO INSERT DYNAMIC VALUES FROM YOUR PLATFORM OR CMS.
*  LEARN WHY DEFINING THESE VARIABLES IS IMPORTANT: https://disqus.com/admin/universalcode/#configuration-variables*/
/*
var disqus_config = function () {
this.page.url = PAGE_URL;  // Replace PAGE_URL with your page&#39;s canonical URL variable
this.page.identifier = PAGE_IDENTIFIER; // Replace PAGE_IDENTIFIER with your page&#39;s unique identifier variable
};
*/
(function() { // DON&#39;T EDIT BELOW THIS LINE
var d = document, s = d.createElement(&#39;script&#39;);
s.src = &#39;//jajb.disqus.com/embed.js&#39;;
s.setAttribute(&#39;data-timestamp&#39;, +new Date());
(d.head || d.body).appendChild(s);
})();
&lt;/script&gt;

&lt;noscript&gt;Please enable JavaScript to view the &lt;a href=&quot;https://disqus.com/?ref_noscript&quot;&gt;comments powered by Disqus.&lt;/a&gt;&lt;/noscript&gt;

&lt;h3 id=&quot;alternative-way&quot;&gt;Alternative way&lt;/h3&gt;

&lt;p&gt;Another way to achieve the same result is to include &lt;code class=&quot;highlighter-rouge&quot;&gt;gallery&lt;/code&gt; Liquid template. In this case you
don’t have to write any HTML tags – just copy a small block of code, adjust the parameters (see below)
and fill the block with any number of links to images. You can mix relative and external links.&lt;/p&gt;

&lt;p&gt;Here is the block you might want to use:&lt;/p&gt;

&lt;div class=&quot;language-liquid highlighter-rouge&quot;&gt;&lt;pre class=&quot;highlight&quot;&gt;&lt;code&gt;&lt;span class=&quot;p&quot;&gt;{%&lt;/span&gt;&lt;span class=&quot;w&quot;&gt; &lt;/span&gt;&lt;span class=&quot;nt&quot;&gt;capture&lt;/span&gt;&lt;span class=&quot;w&quot;&gt; &lt;/span&gt;&lt;span class=&quot;na&quot;&gt;images&lt;/span&gt;&lt;span class=&quot;w&quot;&gt; &lt;/span&gt;&lt;span class=&quot;p&quot;&gt;%}&lt;/span&gt;
	/images/abstract-10.jpg
	/images/abstract-11.jpg
	http://upload.wikimedia.org/wikipedia/en/2/24/Lenna.png
&lt;span class=&quot;p&quot;&gt;{%&lt;/span&gt;&lt;span class=&quot;w&quot;&gt; &lt;/span&gt;&lt;span class=&quot;nt&quot;&gt;endcapture&lt;/span&gt;&lt;span class=&quot;w&quot;&gt; &lt;/span&gt;&lt;span class=&quot;p&quot;&gt;%}&lt;/span&gt;
&lt;span class=&quot;p&quot;&gt;{%&lt;/span&gt;&lt;span class=&quot;w&quot;&gt; &lt;/span&gt;&lt;span class=&quot;nt&quot;&gt;include&lt;/span&gt;&lt;span class=&quot;w&quot;&gt; &lt;/span&gt;&lt;span class=&quot;nv&quot;&gt;gallery&lt;/span&gt;&lt;span class=&quot;w&quot;&gt; &lt;/span&gt;&lt;span class=&quot;na&quot;&gt;images&lt;/span&gt;&lt;span class=&quot;o&quot;&gt;=&lt;/span&gt;&lt;span class=&quot;nv&quot;&gt;images&lt;/span&gt;&lt;span class=&quot;w&quot;&gt; &lt;/span&gt;&lt;span class=&quot;na&quot;&gt;caption&lt;/span&gt;&lt;span class=&quot;o&quot;&gt;=&lt;/span&gt;&lt;span class=&quot;s2&quot;&gt;&quot;Test images&quot;&lt;/span&gt;&lt;span class=&quot;w&quot;&gt; &lt;/span&gt;&lt;span class=&quot;na&quot;&gt;cols&lt;/span&gt;&lt;span class=&quot;o&quot;&gt;=&lt;/span&gt;&lt;span class=&quot;mi&quot;&gt;3&lt;/span&gt;&lt;span class=&quot;w&quot;&gt; &lt;/span&gt;&lt;span class=&quot;p&quot;&gt;%}&lt;/span&gt;
&lt;/code&gt;&lt;/pre&gt;
&lt;/div&gt;

&lt;p&gt;Parameters:&lt;/p&gt;

&lt;ul&gt;
  &lt;li&gt;&lt;code class=&quot;highlighter-rouge&quot;&gt;caption&lt;/code&gt;: Sets the caption under the gallery (see &lt;code class=&quot;highlighter-rouge&quot;&gt;figcaption&lt;/code&gt; HTML tag above);&lt;/li&gt;
  &lt;li&gt;&lt;code class=&quot;highlighter-rouge&quot;&gt;cols&lt;/code&gt;: Sets the number of columns of the gallery.
Available values: [1..3].&lt;/li&gt;
&lt;/ul&gt;

&lt;p&gt;It will look something like this:&lt;/p&gt;

&lt;figure class=&quot;third&quot;&gt;
    
    &lt;a href=&quot;/images/abstract-10.jpg&quot;&gt;&lt;img src=&quot;/images/abstract-10.jpg&quot; alt=&quot;&quot; /&gt;&lt;/a&gt;
    
    &lt;a href=&quot;/images/abstract-11.jpg&quot;&gt;&lt;img src=&quot;/images/abstract-11.jpg&quot; alt=&quot;&quot; /&gt;&lt;/a&gt;
    
    &lt;a href=&quot;http://upload.wikimedia.org/wikipedia/en/2/24/Lenna.png&quot;&gt;&lt;img src=&quot;http://upload.wikimedia.org/wikipedia/en/2/24/Lenna.png&quot; alt=&quot;&quot; /&gt;&lt;/a&gt;
    
    &lt;figcaption&gt;Test images&lt;/figcaption&gt;
&lt;/figure&gt;</content><category term="sample post" /><category term="images" /><category term="test" /><summary>Here are some examples of what a post with images might look like. If you want to display two or three images next to each other responsively use figure with the appropriate class. Each instance of figure is auto-numbered and displayed in the caption.</summary><media:thumbnail xmlns:media="http://search.yahoo.com/mrss/" url="http://www.jajb.dystopian.website{&quot;background&quot;=&gt;nil}" /></entry><entry><title>Testing Readability with a Bunch of Text</title><link href="http://www.jajb.dystopian.website/readability-post" rel="alternate" type="text/html" title="Testing Readability with a Bunch of Text" /><published>2012-05-22T00:00:00-04:00</published><updated>2012-05-22T00:00:00-04:00</updated><id>http://www.jajb.dystopian.website/readability-post</id><content type="html" xml:base="http://www.jajb.dystopian.website/readability-post">&lt;p&gt;Portland in shoreditch Vice, labore typewriter pariatur hoodie fap sartorial Austin. Pinterest literally occupy Schlitz forage. Odio ad blue bottle vinyl, 90’s narwhal commodo bitters pour-over nostrud. Ugh est hashtag in, fingerstache adipisicing laboris esse Pinterest shabby chic Portland. Shoreditch bicycle rights anim, flexitarian laboris put a bird on it vinyl cupidatat narwhal. Hashtag artisan skateboard, flannel Bushwick nesciunt salvia aute fixie do plaid post-ironic dolor McSweeney’s. Cliche pour-over chambray nulla four loko skateboard sapiente hashtag.&lt;/p&gt;

&lt;p&gt;Vero laborum commodo occupy. Semiotics voluptate mumblecore pug. Cosby sweater ullamco quinoa ennui assumenda, sapiente occupy delectus lo-fi. Ea fashion axe Marfa cillum aliquip. Retro Bushwick keytar cliche. Before they sold out sustainable gastropub Marfa readymade, ethical Williamsburg skateboard brunch qui consectetur gentrify semiotics. Mustache cillum irony, fingerstache magna pour-over keffiyeh tousled selfies.&lt;/p&gt;

&lt;h2 id=&quot;cupidatat-90s-lo-fi-authentic-try-hard&quot;&gt;Cupidatat 90’s lo-fi authentic try-hard&lt;/h2&gt;

&lt;p&gt;In pug Portland incididunt mlkshk put a bird on it vinyl quinoa. Terry Richardson shabby chic +1, scenester Tonx excepteur tempor fugiat voluptate fingerstache aliquip nisi next level. Farm-to-table hashtag Truffaut, Odd Future ex meggings gentrify single-origin coffee try-hard 90’s.&lt;/p&gt;

&lt;ul&gt;
  &lt;li&gt;Sartorial hoodie&lt;/li&gt;
  &lt;li&gt;Labore viral forage&lt;/li&gt;
  &lt;li&gt;Tote bag selvage&lt;/li&gt;
  &lt;li&gt;DIY exercitation et id ugh tumblr church-key&lt;/li&gt;
&lt;/ul&gt;

&lt;p&gt;Incididunt umami sriracha, ethical fugiat VHS ex assumenda yr irure direct trade. Marfa Truffaut bicycle rights, kitsch placeat Etsy kogi asymmetrical. Beard locavore flexitarian, kitsch photo booth hoodie plaid ethical readymade leggings yr.&lt;/p&gt;

&lt;p&gt;Aesthetic odio dolore, meggings disrupt qui readymade stumptown brunch Terry Richardson pour-over gluten-free. Banksy american apparel in selfies, biodiesel flexitarian organic meh wolf quinoa gentrify banjo kogi. Readymade tofu ex, scenester dolor umami fingerstache occaecat fashion axe Carles jean shorts minim. Keffiyeh fashion axe nisi Godard mlkshk dolore. Lomo you probably haven’t heard of them eu non, Odd Future Truffaut pug keytar meggings McSweeney’s Pinterest cred. Etsy literally aute esse, eu bicycle rights qui meggings fanny pack. Gentrify leggings pug flannel duis.&lt;/p&gt;

&lt;h2 id=&quot;forage-occaecat-cardigan-qui&quot;&gt;Forage occaecat cardigan qui&lt;/h2&gt;

&lt;p&gt;Fashion axe hella gastropub lo-fi kogi 90’s aliquip +1 veniam delectus tousled. Cred sriracha locavore gastropub kale chips, iPhone mollit sartorial. Anim dolore 8-bit, pork belly dolor photo booth aute flannel small batch. Dolor disrupt ennui, tattooed whatever salvia Banksy sartorial roof party selfies raw denim sint meh pour-over. Ennui eu cardigan sint, gentrify iPhone cornhole.&lt;/p&gt;

&lt;blockquote&gt;
  &lt;p&gt;Whatever velit occaecat quis deserunt gastropub, leggings elit tousled roof party 3 wolf moon kogi pug blue bottle ea. Fashion axe shabby chic Austin quinoa pickled laborum bitters next level, disrupt deep v accusamus non fingerstache.&lt;/p&gt;
&lt;/blockquote&gt;

&lt;p&gt;Tote bag asymmetrical elit sunt. Occaecat authentic Marfa, hella McSweeney’s next level irure veniam master cleanse. Sed hoodie letterpress artisan wolf leggings, 3 wolf moon commodo ullamco. Anim occupy ea labore Terry Richardson. Tofu ex master cleanse in whatever pitchfork banh mi, occupy fugiat fanny pack Austin authentic. Magna fugiat 3 wolf moon, labore McSweeney’s sustainable vero consectetur. Gluten-free disrupt enim, aesthetic fugiat jean shorts trust fund keffiyeh magna try-hard.&lt;/p&gt;

&lt;h2 id=&quot;hoodie-duis&quot;&gt;Hoodie Duis&lt;/h2&gt;

&lt;p&gt;Actually salvia consectetur, hoodie duis lomo YOLO sunt sriracha. Aute pop-up brunch farm-to-table odio, salvia irure occaecat. Sriracha small batch literally skateboard. Echo Park nihil hoodie, aliquip forage artisan laboris. Trust fund reprehenderit nulla locavore. Stumptown raw denim kitsch, keffiyeh nulla twee dreamcatcher fanny pack ullamco 90’s pop-up est culpa farm-to-table. Selfies 8-bit do pug odio.&lt;/p&gt;

&lt;h3 id=&quot;thundercats-ho&quot;&gt;Thundercats Ho!&lt;/h3&gt;

&lt;p&gt;Fingerstache thundercats Williamsburg, deep v scenester Banksy ennui vinyl selfies mollit biodiesel duis odio pop-up. Banksy 3 wolf moon try-hard, sapiente enim stumptown deep v ad letterpress. Squid beard brunch, exercitation raw denim yr sint direct trade. Raw denim narwhal id, flannel DIY McSweeney’s seitan. Letterpress artisan bespoke accusamus, meggings laboris consequat Truffaut qui in seitan. Sustainable cornhole Schlitz, twee Cosby sweater banh mi deep v forage letterpress flannel whatever keffiyeh. Sartorial cred irure, semiotics ethical sed blue bottle nihil letterpress.&lt;/p&gt;

&lt;p&gt;Occupy et selvage squid, pug brunch blog nesciunt hashtag mumblecore skateboard yr kogi. Ugh small batch swag four loko. Fap post-ironic qui tote bag farm-to-table american apparel scenester keffiyeh vero, swag non pour-over gentrify authentic pitchfork. Schlitz scenester lo-fi voluptate, tote bag irony bicycle rights pariatur vero Vice freegan wayfarers exercitation nisi shoreditch. Chambray tofu vero sed. Street art swag literally leggings, Cosby sweater mixtape PBR lomo Banksy non in pitchfork ennui McSweeney’s selfies. Odd Future Banksy non authentic.&lt;/p&gt;

&lt;p&gt;Aliquip enim artisan dolor post-ironic. Pug tote bag Marfa, deserunt pour-over Portland wolf eu odio intelligentsia american apparel ugh ea. Sunt viral et, 3 wolf moon gastropub pug id. Id fashion axe est typewriter, mlkshk Portland art party aute brunch. Sint pork belly Cosby sweater, deep v mumblecore kitsch american apparel. Try-hard direct trade tumblr sint skateboard. Adipisicing bitters excepteur biodiesel, pickled gastropub aute veniam.&lt;/p&gt;</content><category term="sample post" /><category term="readability" /><category term="test" /><category term="intro" /><summary>Portland in shoreditch Vice, labore typewriter pariatur hoodie fap sartorial Austin. Pinterest literally occupy Schlitz forage. Odio ad blue bottle vinyl, 90’s narwhal commodo bitters pour-over nostrud. Ugh est hashtag in, fingerstache adipisicing laboris esse Pinterest shabby chic Portland. Shoreditch bicycle rights anim, flexitarian laboris put a bird on it vinyl cupidatat narwhal. Hashtag artisan skateboard, flannel Bushwick nesciunt salvia aute fixie do plaid post-ironic dolor McSweeney’s. Cliche pour-over chambray nulla four loko skateboard sapiente hashtag.</summary><media:thumbnail xmlns:media="http://search.yahoo.com/mrss/" url="http://www.jajb.dystopian.website{&quot;feature&quot;=&gt;&quot;abstract-6.jpg&quot;, &quot;credit&quot;=&gt;&quot;dargadgetz&quot;, &quot;creditlink&quot;=&gt;&quot;http://www.dargadgetz.com/ios-7-abstract-wallpaper-pack-for-iphone-5-and-ipod-touch-retina/&quot;}" /></entry><entry><title>Sample Post</title><link href="http://www.jajb.dystopian.website/sample-post" rel="alternate" type="text/html" title="Sample Post" /><published>2011-03-10T00:00:00-05:00</published><updated>2011-03-10T00:00:00-05:00</updated><id>http://www.jajb.dystopian.website/sample-post</id><content type="html" xml:base="http://www.jajb.dystopian.website/sample-post">&lt;p&gt;Below is just about everything you’ll need to style in the theme. Check the source code to see the many embedded elements within paragraphs.&lt;/p&gt;

&lt;h1 id=&quot;heading-1&quot;&gt;Heading 1&lt;/h1&gt;

&lt;h2 id=&quot;heading-2&quot;&gt;Heading 2&lt;/h2&gt;

&lt;h3 id=&quot;heading-3&quot;&gt;Heading 3&lt;/h3&gt;

&lt;h4 id=&quot;heading-4&quot;&gt;Heading 4&lt;/h4&gt;

&lt;h5 id=&quot;heading-5&quot;&gt;Heading 5&lt;/h5&gt;

&lt;h6 id=&quot;heading-6&quot;&gt;Heading 6&lt;/h6&gt;

&lt;h3 id=&quot;body-text&quot;&gt;Body text&lt;/h3&gt;

&lt;p&gt;Lorem ipsum dolor sit amet, test link adipiscing elit. &lt;strong&gt;This is strong&lt;/strong&gt;. Nullam dignissim convallis est. Quisque aliquam.&lt;/p&gt;

&lt;p class=&quot;image-right&quot;&gt;&lt;img src=&quot;http://www.jajb.dystopian.website/images/3953273590_704e3899d5_m.jpg&quot; alt=&quot;Smithsonian Image&quot; /&gt;&lt;/p&gt;

&lt;p&gt;&lt;em&gt;This is emphasized&lt;/em&gt;. Donec faucibus. Nunc iaculis suscipit dui. 53 = 125. Water is H&lt;sub&gt;2&lt;/sub&gt;O. Nam sit amet sem. Aliquam libero nisi, imperdiet at, tincidunt nec, gravida vehicula, nisl. The New York Times &lt;cite&gt;(That’s a citation)&lt;/cite&gt;. &lt;u&gt;Underline&lt;/u&gt;. Maecenas ornare tortor. Donec sed tellus eget sapien fringilla nonummy. Mauris a ante. Suspendisse quam sem, consequat at, commodo vitae, feugiat in, nunc. Morbi imperdiet augue quis tellus.&lt;/p&gt;

&lt;p&gt;HTML and &lt;abbr title=&quot;cascading stylesheets&quot;&gt;CSS&lt;abbr&gt; are our tools. Mauris a ante. Suspendisse quam sem, consequat at, commodo vitae, feugiat in, nunc. Morbi imperdiet augue quis tellus. Praesent mattis, massa quis luctus fermentum, turpis mi volutpat justo, eu volutpat enim diam eget metus.&lt;/abbr&gt;&lt;/abbr&gt;&lt;/p&gt;

&lt;h3 id=&quot;blockquotes&quot;&gt;Blockquotes&lt;/h3&gt;

&lt;blockquote&gt;
  &lt;p&gt;Lorem ipsum dolor sit amet, test link adipiscing elit. Nullam dignissim convallis est. Quisque aliquam.&lt;/p&gt;
&lt;/blockquote&gt;

&lt;h2 id=&quot;list-types&quot;&gt;List Types&lt;/h2&gt;

&lt;h3 id=&quot;ordered-lists&quot;&gt;Ordered Lists&lt;/h3&gt;

&lt;ol&gt;
  &lt;li&gt;Item one
    &lt;ol&gt;
      &lt;li&gt;sub item one&lt;/li&gt;
      &lt;li&gt;sub item two&lt;/li&gt;
      &lt;li&gt;sub item three&lt;/li&gt;
    &lt;/ol&gt;
  &lt;/li&gt;
  &lt;li&gt;Item two&lt;/li&gt;
&lt;/ol&gt;

&lt;h3 id=&quot;unordered-lists&quot;&gt;Unordered Lists&lt;/h3&gt;

&lt;ul&gt;
  &lt;li&gt;Item one&lt;/li&gt;
  &lt;li&gt;Item two&lt;/li&gt;
  &lt;li&gt;Item three&lt;/li&gt;
&lt;/ul&gt;

&lt;h2 id=&quot;tables&quot;&gt;Tables&lt;/h2&gt;

&lt;table rules=&quot;groups&quot;&gt;
  &lt;thead&gt;
    &lt;tr&gt;
      &lt;th style=&quot;text-align: left&quot;&gt;Header1&lt;/th&gt;
      &lt;th style=&quot;text-align: center&quot;&gt;Header2&lt;/th&gt;
      &lt;th style=&quot;text-align: right&quot;&gt;Header3&lt;/th&gt;
    &lt;/tr&gt;
  &lt;/thead&gt;
  &lt;tbody&gt;
    &lt;tr&gt;
      &lt;td style=&quot;text-align: left&quot;&gt;cell1&lt;/td&gt;
      &lt;td style=&quot;text-align: center&quot;&gt;cell2&lt;/td&gt;
      &lt;td style=&quot;text-align: right&quot;&gt;cell3&lt;/td&gt;
    &lt;/tr&gt;
    &lt;tr&gt;
      &lt;td style=&quot;text-align: left&quot;&gt;cell4&lt;/td&gt;
      &lt;td style=&quot;text-align: center&quot;&gt;cell5&lt;/td&gt;
      &lt;td style=&quot;text-align: right&quot;&gt;cell6&lt;/td&gt;
    &lt;/tr&gt;
  &lt;/tbody&gt;
  &lt;tbody&gt;
    &lt;tr&gt;
      &lt;td style=&quot;text-align: left&quot;&gt;cell1&lt;/td&gt;
      &lt;td style=&quot;text-align: center&quot;&gt;cell2&lt;/td&gt;
      &lt;td style=&quot;text-align: right&quot;&gt;cell3&lt;/td&gt;
    &lt;/tr&gt;
    &lt;tr&gt;
      &lt;td style=&quot;text-align: left&quot;&gt;cell4&lt;/td&gt;
      &lt;td style=&quot;text-align: center&quot;&gt;cell5&lt;/td&gt;
      &lt;td style=&quot;text-align: right&quot;&gt;cell6&lt;/td&gt;
    &lt;/tr&gt;
  &lt;/tbody&gt;
  &lt;tfoot&gt;
    &lt;tr&gt;
      &lt;td style=&quot;text-align: left&quot;&gt;Foot1&lt;/td&gt;
      &lt;td style=&quot;text-align: center&quot;&gt;Foot2&lt;/td&gt;
      &lt;td style=&quot;text-align: right&quot;&gt;Foot3&lt;/td&gt;
    &lt;/tr&gt;
  &lt;/tfoot&gt;
&lt;/table&gt;

&lt;h2 id=&quot;code-snippets&quot;&gt;Code Snippets&lt;/h2&gt;

&lt;p&gt;Syntax highlighting via Rouge&lt;/p&gt;

&lt;div class=&quot;language-css highlighter-rouge&quot;&gt;&lt;pre class=&quot;highlight&quot;&gt;&lt;code&gt;&lt;span class=&quot;nf&quot;&gt;#container&lt;/span&gt; &lt;span class=&quot;p&quot;&gt;{&lt;/span&gt;
  &lt;span class=&quot;nl&quot;&gt;float&lt;/span&gt;&lt;span class=&quot;p&quot;&gt;:&lt;/span&gt; &lt;span class=&quot;nb&quot;&gt;left&lt;/span&gt;&lt;span class=&quot;p&quot;&gt;;&lt;/span&gt;
  &lt;span class=&quot;nl&quot;&gt;margin&lt;/span&gt;&lt;span class=&quot;p&quot;&gt;:&lt;/span&gt; &lt;span class=&quot;m&quot;&gt;0&lt;/span&gt; &lt;span class=&quot;m&quot;&gt;-240px&lt;/span&gt; &lt;span class=&quot;m&quot;&gt;0&lt;/span&gt; &lt;span class=&quot;m&quot;&gt;0&lt;/span&gt;&lt;span class=&quot;p&quot;&gt;;&lt;/span&gt;
  &lt;span class=&quot;nl&quot;&gt;width&lt;/span&gt;&lt;span class=&quot;p&quot;&gt;:&lt;/span&gt; &lt;span class=&quot;m&quot;&gt;100%&lt;/span&gt;&lt;span class=&quot;p&quot;&gt;;&lt;/span&gt;
&lt;span class=&quot;p&quot;&gt;}&lt;/span&gt;
&lt;/code&gt;&lt;/pre&gt;
&lt;/div&gt;

&lt;p&gt;Non Pygments code example&lt;/p&gt;

&lt;div class=&quot;highlighter-rouge&quot;&gt;&lt;pre class=&quot;highlight&quot;&gt;&lt;code&gt;&amp;lt;div id=&quot;awesome&quot;&amp;gt;
    &amp;lt;p&amp;gt;This is great isn&#39;t it?&amp;lt;/p&amp;gt;
&amp;lt;/div&amp;gt;
&lt;/code&gt;&lt;/pre&gt;
&lt;/div&gt;

&lt;h2 id=&quot;buttons&quot;&gt;Buttons&lt;/h2&gt;

&lt;p&gt;Make any link standout more when applying the &lt;code class=&quot;highlighter-rouge&quot;&gt;.btn&lt;/code&gt; class.&lt;/p&gt;

&lt;div class=&quot;language-html highlighter-rouge&quot;&gt;&lt;pre class=&quot;highlight&quot;&gt;&lt;code&gt;&lt;span class=&quot;nt&quot;&gt;&amp;lt;a&lt;/span&gt; &lt;span class=&quot;na&quot;&gt;href=&lt;/span&gt;&lt;span class=&quot;s&quot;&gt;&quot;#&quot;&lt;/span&gt; &lt;span class=&quot;na&quot;&gt;class=&lt;/span&gt;&lt;span class=&quot;s&quot;&gt;&quot;btn btn-success&quot;&lt;/span&gt;&lt;span class=&quot;nt&quot;&gt;&amp;gt;&lt;/span&gt;Success Button&lt;span class=&quot;nt&quot;&gt;&amp;lt;/a&amp;gt;&lt;/span&gt;
&lt;/code&gt;&lt;/pre&gt;
&lt;/div&gt;

&lt;div&gt;&lt;a href=&quot;#&quot; class=&quot;btn&quot;&gt;Primary Button&lt;/a&gt;&lt;/div&gt;
&lt;div&gt;&lt;a href=&quot;#&quot; class=&quot;btn btn-success&quot;&gt;Success Button&lt;/a&gt;&lt;/div&gt;
&lt;div&gt;&lt;a href=&quot;#&quot; class=&quot;btn btn-warning&quot;&gt;Warning Button&lt;/a&gt;&lt;/div&gt;
&lt;div&gt;&lt;a href=&quot;#&quot; class=&quot;btn btn-danger&quot;&gt;Danger Button&lt;/a&gt;&lt;/div&gt;
&lt;div&gt;&lt;a href=&quot;#&quot; class=&quot;btn btn-info&quot;&gt;Info Button&lt;/a&gt;&lt;/div&gt;</content><category term="sample post" /><summary>Below is just about everything you’ll need to style in the theme. Check the source code to see the many embedded elements within paragraphs.</summary><media:thumbnail xmlns:media="http://search.yahoo.com/mrss/" url="http://www.jajb.dystopian.website{&quot;feature&quot;=&gt;&quot;abstract-3.jpg&quot;, &quot;credit&quot;=&gt;&quot;dargadgetz&quot;, &quot;creditlink&quot;=&gt;&quot;http://www.dargadgetz.com/ios-7-abstract-wallpaper-pack-for-iphone-5-and-ipod-touch-retina/&quot;}" /></entry></feed>
